{
  "images" : [
    {
      "filename" : "شعار وزارة التعليم الجديد بدقة عالية  SVG – PNG.svg",
      "idiom" : "universal",
      "scale" : "1x"
    },
    {
      "filename" : "شعار وزارة التعليم الجديد بدقة عالية  SVG – PNG 1.svg",
      "idiom" : "universal",
      "scale" : "2x"
    },
    {
      "filename" : "شعار وزارة التعليم الجديد بدقة عالية  SVG – PNG 2.svg",
      "idiom" : "universal",
      "scale" : "3x"
    }
  ],
  "info" : {
    "author" : "xcode",
    "version" : 1
  }
}
